{"R@1":0.0099999998,"R@1_omics2img":0.00875,"R@5":0.0500000007,"R@5_omics2img":0.0549999997,"mean_rank_img2omics":50.3687515259,"mean_rank_omics2img":50.1762504578}