{
  "R@1": 0.009999999776482582,
  "R@1_omics2img": 0.008750000037252903,
  "R@5": 0.05000000074505806,
  "R@5_omics2img": 0.054999999701976776,
  "mean_rank_img2omics": 50.368751525878906,
  "mean_rank_omics2img": 50.17625045776367,
  "R@1_ci": [
    0.00375,
    0.0175
  ],
  "R@5_ci": [
    0.035,
    0.065
  ],
  "R@1_omics2img_ci": [
    0.0025,
    0.015
  ],
  "R@5_omics2img_ci": [
    0.04,
    0.07125
  ]
}